[
    {
        "key": "1",
        "picture": "http://www.nicdarkthemes.com/themes/children/wp/demo/wp-content/uploads/2018/09/course-5.jpg",
        "price": 272,
        "name": "Cooking Lesson",
        "description": "Vivamus volutpat eros pulvinar velit laoreet, sit amet egestas erat dignissim. Sed quis rutrum tellus, sit amet viverra felis. Cras sagittis sem sit amet urna feugiat rutrum."
    },
    {
        "key": "2",
        "picture": "http://www.nicdarkthemes.com/themes/children/wp/demo/wp-content/uploads/2018/09/course-1.jpg",
        "price": 259,
        "name": "Drawing Course",
        "description": "English Grammar Launch: Upgrade your speaking and listening Learn English grammar through lectures and listening and speaking practice, so you can confidently speak English."
    },
    {
        "key": "3",
        "picture": "http://www.nicdarkthemes.com/themes/children/wp/demo/wp-content/uploads/2018/09/course-3.jpg",
        "price": 382,
        "name": "Group Sport",
        "description": "The Complete English Grammar Course - Perfect Your English A detailed and thorough English grammar course for all learners. Improve your language skills and understanding TODAY."
    },
    {
        "key": "4",
        "picture": "http://www.nicdarkthemes.com/themes/children/wp/demo/wp-content/uploads/2018/09/course-7.jpg",
        "price": 396,
        "name": "Orienteering",
        "description": "Business English Course for ESL Students. Learn essential Business English vocabulary for presentations, meetings, negotiations, phone calls, e-mails, and more!"
    },
    {
        "key": "5",
        "picture": "http://www.nicdarkthemes.com/themes/children/wp/demo/wp-content/uploads/2018/09/course-6.jpg",
        "price": 209,
        "name": "Outdoor Activity",
        "description": "Building Your English Brain. Learn to start thinking in English so that you can stop translating in your head and become fluent in English faster."
    },
    {
        "key": "6",
        "picture": "http://www.nicdarkthemes.com/themes/children/wp/demo/wp-content/uploads/2018/09/course-4.jpg",
        "price": 270,
        "name": "Swimming Course",
        "description": "feEnglish Vocabulary Launch: Upgrade your speaking. Learn English vocabulary, speaking and listening skills and become more fluent learning from a native English teacher"
    },
    {
        "key": "7",
        "picture": "http://www.nicdarkthemes.com/themes/children/wp/demo/wp-content/uploads/2018/09/course-2.jpg",
        "price": 350,
        "name": "Watercolor Art",
        "description": "ESL English: Understand Real English Conversation, Beginning Popular ESL listening course helps you understand English speakers--from the author of twenty English textbooks! ESL/EFL"
    },
    {
        "key": "8",
        "picture": "http://quanticalabs.com/wp_themes3/fable/wp-content/uploads/sites/8/2014/10/blog_08.jpg",
        "price": 235,
        "name": "Basic English Grammar And Structures",
        "description": "Basic English Grammar And Structures Elementary (A1 & A2) level English course for beginners who want to improve their Basic English Grammar and Structures."
    },
    {
        "key": "9",
        "picture": "http://quanticalabs.com/wp_themes3/fable/wp-content/uploads/sites/8/2014/10/blog_09.jpg",
        "price": 284,
        "name": "English Grammar Pro | Beginner to Advanced (A1-C1) Grammar",
        "description": "mEnglish Grammar Pro | Beginner to Advanced (A1-C1) Grammar Complete grammar course to FINISH studying English grammar + improve conversation and pronunciationale"
    }
]