[
    {
        "key": "1",
        "picture": "http://www.nicdarkthemes.com/themes/children/wp/demo/wp-content/uploads/2018/09/course-5.jpg",
        "price": 272,
        "name": "Cooking Lesson",
        "description": "Vivamus volutpat eros pulvinar velit laoreet, sit amet egestas erat dignissim. Sed quis rutrum tellus, sit amet viverra felis. Cras sagittis sem sit amet urna feugiat rutrum."
    },
    {
        "key": "2",
        "picture": "http://www.nicdarkthemes.com/themes/children/wp/demo/wp-content/uploads/2018/09/course-1.jpg",
        "price": 259,
        "name": "Drawing Course",
        "description": "English Grammar Launch: Upgrade your speaking and listening Learn English grammar through lectures and listening and speaking practice, so you can confidently speak English."
    },
    {
        "key": "3",
        "picture": "http://www.nicdarkthemes.com/themes/children/wp/demo/wp-content/uploads/2018/09/course-3.jpg",
        "price": 382,
        "name": "Group Sport",
        "description": "The Complete English Grammar Course - Perfect Your English A detailed and thorough English grammar course for all learners. Improve your language skills and understanding TODAY."
    },
    {
        "key": "4",
        "picture": "http://www.nicdarkthemes.com/themes/children/wp/demo/wp-content/uploads/2018/09/course-7.jpg",
        "price": 396,
        "name": "Orienteering",
        "description": "Business English Course for ESL Students. Learn essential Business English vocabulary for presentations, meetings, negotiations, phone calls, e-mails, and more!"
    }
]