[
    {
        "key": "1",
        "picture": "https://tribune-reloaded.s3.amazonaws.com/media/images/2034606-image-1565891450/2034606-image-1565891450.jpg",
        "from": "Pakistan",
        "name": "Salima Begum"
    },
    {
        "key": "2",
        "picture": "https://phantom-elmundo.unidadeditorial.es/82ad5724aeecdd9ee73010ed71488425/f/webp/assets/multimedia/imagenes/2020/04/17/15871165501812.jpg",
        "from": "Spain",
        "name": "David Calle"
    },
    {
        "key": "3",
        "picture": "https://pbs.twimg.com/profile_images/811620044165758977/sc6GjX6y.jpg",
        "from": "UK.",
        "name": "Raymond Chambers"
    },
    {
        "key": "4",
        "picture": "https://www.climate-action.info/sites/default/files/Avatars/marie-ghanbari.jpg",
        "from": "Marie-Christine Ghanbari Jahromi",
        "name": "Germany"
    },
    {
        "key": "5",
        "picture": "https://pbs.twimg.com/media/C50hXLdXQAAsZD7.jpg",
        "from": "Jamaica",
        "name": "Tracy-Ann Hall"
    },
    {
        "key": "6",
        "picture": "https://www.globalteacherprize.org/media/1045/mm-gallery5.jpg",
        "from": "Canada",
        "name": "Maggie MacDonnell"
    },
    {
        "key": "7",
        "picture": "https://learnenglishbyonline.com/public/images/course/20210116174722.jpg",
        "from": "Australia",
        "name": "Ken Silburn"
    },
    {
        "key": "8",
        "picture": "https://www.globalteacherprize.org/media/4325/2-6-920x450.jpg",
        "from": "Kenya",
        "name": "Michael Wamaya"
    }
]